标签,出现次数
轻松,117
正剧,71
强强,55
情有独钟,53
甜文,45
爽文,45
灵异神怪,25
穿书,19
都市,19
无限流,19
仙侠修真,17
天之骄子,16
娱乐圈,16
天作之合,16
欢喜冤家,14
穿越时空,14
幻想空间,13
校园,12
励志,12
系统,11
重生,11
豪门世家,11
升级流,10
HE,9
快穿,8
悬疑推理,8
花季雨季,7
打脸,7
业界精英,7
电竞,7
破镜重圆,7
直播,7
宫廷侯爵,7
未来架空,6
科幻,6
现代架空,6
星际,5
种田文,5
游戏网游,5
逆袭,5
年下,5
玄学,4
体育竞技,4
异能,4
时代新风,4
沙雕,4
青梅竹马,4
相爱相杀,4
三教九流,3
制服情缘,3
末世,3
复仇虐渣,3
魔幻,3
美强惨,3
灵魂转换,3
东方玄幻,2
惊悚,2
恋爱合约,2
因缘邂逅,2
先婚后爱,2
暗恋,2
近水楼台,2
卡牌,2
全息,2
女配,2
阴差阳错,2
爆笑,2
ABO,2
白月光,2
乔装改扮,2
古穿今,2
都市异闻,2
废土,2
平步青云,2
机甲,2
婚恋,2
美食,2
迪化流,1
万人迷,1
签到流,1
抽奖抽卡,1
盲盒,1
群像,1
年代文,1
基建,1
秦穿,1
脑洞,1
异闻传说,1
反套路,1
经营,1
市井生活,1
大冒险,1
失忆,1
虫族,1
七年之痒,1
赛博朋克,1
克苏鲁,1
对照组,1
app,1
读心术,1
宫斗,1
龙傲天,1
日常,1
朝堂,1
规则怪谈,1
古代幻想,1
江湖,1
史诗奇幻,1
替身,1
